Product_ID,Product_Name,Category,Our_Price,Competitor_A_Price,Competitor_B_Price,Stock,Rating,Last_Updated,Competitor_Avg_Price,Price_Difference,Pricing_Status
1,Office Chair,Home,1874.0,1496.0,2252.0,339,3.972538860103627,2024-11-30,1874.0,0.0,Competitive
3,Water Bottle,Electronics,1296.0,319.0,319.0,273,3.972538860103627,2024-10-26,319.0,977.0,Overpriced
4,Cotton Shirt,Accessories,781.0,4945.0,4945.0,278,3.972538860103627,2024-10-05,4945.0,-4164.0,Underpriced
5,Office Chair,Accessories,1725.0,1725.0,1725.0,445,4.2,2024-09-07,1725.0,0.0,Competitive
6,Running Shoes,Home,4618.5,5644.0,3593.0,293,3.972538860103627,2024-09-15,4618.5,0.0,Competitive
7,Headphones,Home,3576.0,2356.0,2356.0,157,3.972538860103627,2024-10-31,2356.0,1220.0,Overpriced
10,Cotton Shirt,Electronics,4667.0,4667.0,4667.0,140,3.5,2024-09-11,4667.0,0.0,Competitive
11,Gaming Keyboard,Electronics,3529.0,1692.0,1692.0,44,3.3,2024-09-19,1692.0,1837.0,Overpriced
12,Wireless Mouse,Fashion,4259.0,2586.0,2586.0,160,3.972538860103627,2024-10-09,2586.0,1673.0,Overpriced
13,Wireless Mouse,Electronics,1302.0,1709.0,1709.0,153,3.5,2024-10-30,1709.0,-407.0,Underpriced
15,Bluetooth Speaker,Electronics,874.0,874.0,874.0,369,3.9,2024-10-30,874.0,0.0,Competitive
16,Backpack,Accessories,1266.0,2133.0,2133.0,324,3.1,2024-09-27,2133.0,-867.0,Underpriced
17,Mixer Grinder,Fashion,1920.0,1920.0,1920.0,16,3.972538860103627,2024-10-07,1920.0,0.0,Competitive
18,Mixer Grinder,Fashion,5716.0,5175.0,5175.0,143,3.972538860103627,2024-10-06,5175.0,541.0,Overpriced
19,Running Shoes,Electronics,2244.0,2244.0,2244.0,148,3.972538860103627,2024-09-15,2244.0,0.0,Competitive
20,Running Shoes,Accessories,3773.0,3773.0,3773.0,461,3.4,2024-09-22,3773.0,0.0,Competitive
21,Running Shoes,Electronics,1212.5,1177.0,1248.0,284,3.972538860103627,2024-10-25,1212.5,0.0,Competitive
22,Laptop Bag,Electronics,1087.0,1087.0,1087.0,150,4.2,2024-09-04,1087.0,0.0,Competitive
23,Bluetooth Speaker,Home,715.0,715.0,715.0,35,4.0,2024-10-22,715.0,0.0,Competitive
24,Cotton Shirt,Fashion,783.0,783.0,783.0,33,4.8,2024-09-17,783.0,0.0,Competitive
25,Smart Watch,Electronics,2235.0,1575.0,1575.0,241,3.972538860103627,2024-11-21,1575.0,660.0,Overpriced
26,Bluetooth Speaker,Electronics,4051.5,4946.0,3157.0,348,3.972538860103627,2024-09-29,4051.5,0.0,Competitive
28,Electric Kettle,Home,3178.0,5604.0,752.0,390,3.972538860103627,2024-10-12,3178.0,0.0,Competitive
29,Backpack,Accessories,4825.5,3702.0,5949.0,193,3.972538860103627,2024-10-30,4825.5,0.0,Competitive
30,Bluetooth Speaker,Electronics,1480.5,372.0,2589.0,499,4.0,2024-09-02,1480.5,0.0,Competitive
31,LED Bulb Pack,Fashion,2706.0,2690.0,1846.0,201,3.3,2024-09-08,2268.0,438.0,Overpriced
32,Headphones,Accessories,2735.0,2735.0,2735.0,218,3.4,2024-10-23,2735.0,0.0,Competitive
33,Wall Clock,Accessories,5167.0,5167.0,5167.0,457,3.972538860103627,2024-09-09,5167.0,0.0,Competitive
34,Backpack,Furniture,2340.0,983.0,5436.0,450,3.9,2024-09-14,3209.5,-869.5,Underpriced
35,Wall Clock,Accessories,2653.0,2653.0,2653.0,207,3.2,2024-09-16,2653.0,0.0,Competitive
37,Electric Kettle,Fashion,1789.0,1858.0,3467.0,430,4.7,2024-11-18,2662.5,-873.5,Underpriced
38,Mobile Cover,Furniture,3215.0,3215.0,3215.0,341,3.972538860103627,2024-11-11,3215.0,0.0,Competitive
39,Gaming Keyboard,Electronics,5263.0,376.0,376.0,309,3.972538860103627,2024-11-10,376.0,4887.0,Overpriced
41,Backpack,Furniture,5692.0,5692.0,5692.0,55,4.1,2024-09-19,5692.0,0.0,Competitive
42,Backpack,Accessories,5547.0,5208.0,5208.0,468,3.8,2024-09-05,5208.0,339.0,Overpriced
43,Desk Lamp,Electronics,5184.0,1429.0,3411.0,334,3.972538860103627,2024-10-03,2420.0,2764.0,Overpriced
46,Mixer Grinder,Furniture,4411.0,4411.0,4411.0,204,4.3,2024-10-31,4411.0,0.0,Competitive
47,Mixer Grinder,Furniture,4501.0,3191.0,3514.0,75,3.8,2024-09-12,3352.5,1148.5,Overpriced
49,Mixer Grinder,Fashion,5052.0,3544.0,5550.0,181,4.4,2024-10-27,4547.0,505.0,Overpriced
52,Headphones,Electronics,3009.0,1476.0,1476.0,421,4.0,2024-11-07,1476.0,1533.0,Overpriced
54,Cotton Shirt,Fashion,2792.0,2921.0,2663.0,56,3.4,2024-10-14,2792.0,0.0,Competitive
55,Mobile Cover,Accessories,1192.0,1192.0,1192.0,411,3.6,2024-11-11,1192.0,0.0,Competitive
56,Office Chair,Electronics,1686.0,1721.0,1721.0,474,3.972538860103627,2024-10-24,1721.0,-35.0,Competitive
57,Power Bank,Fashion,634.0,2460.0,2460.0,287,3.972538860103627,2024-09-16,2460.0,-1826.0,Underpriced
58,Yoga Mat,Accessories,1341.0,4775.0,4775.0,399,3.972538860103627,2024-09-25,4775.0,-3434.0,Underpriced
59,LED Bulb Pack,Furniture,3290.0,3290.0,3290.0,72,3.7,2024-09-26,3290.0,0.0,Competitive
60,Yoga Mat,Furniture,3742.0,333.0,333.0,143,3.2,2024-11-05,333.0,3409.0,Overpriced
61,Study Table,Fashion,2649.0,2649.0,2649.0,87,4.0,2024-10-19,2649.0,0.0,Competitive
62,Mobile Cover,Furniture,3962.0,2948.0,4976.0,329,4.4,2024-10-20,3962.0,0.0,Competitive
63,Gaming Keyboard,Electronics,1119.0,678.0,1560.0,26,4.7,2024-10-13,1119.0,0.0,Competitive
64,Mobile Cover,Furniture,3312.0,5644.0,2617.0,261,3.1,2024-10-29,4130.5,-818.5,Underpriced
65,Bluetooth Speaker,Home,264.0,264.0,264.0,232,3.972538860103627,2024-09-07,264.0,0.0,Competitive
66,Study Table,Furniture,5730.0,3532.0,3532.0,364,3.972538860103627,2024-09-07,3532.0,2198.0,Overpriced
67,Cotton Shirt,Fashion,1688.0,1688.0,1688.0,188,3.5,2024-10-22,1688.0,0.0,Competitive
68,Office Chair,Electronics,964.0,2369.0,2369.0,196,3.972538860103627,2024-10-12,2369.0,-1405.0,Underpriced
69,LED Bulb Pack,Furniture,1855.0,1855.0,1855.0,118,3.972538860103627,2024-11-19,1855.0,0.0,Competitive
70,Desk Lamp,Home,5189.0,5642.0,5642.0,207,3.972538860103627,2024-11-01,5642.0,-453.0,Underpriced
72,Desk Lamp,Furniture,235.0,235.0,235.0,2,3.972538860103627,2024-09-18,235.0,0.0,Competitive
73,Smart Watch,Accessories,4009.0,2237.0,2237.0,132,3.972538860103627,2024-11-05,2237.0,1772.0,Overpriced
74,Wireless Mouse,Home,5761.0,5940.0,5582.0,20,4.1,2024-10-03,5761.0,0.0,Competitive
75,Bluetooth Speaker,Furniture,1338.0,5878.0,5878.0,276,3.8,2024-11-24,5878.0,-4540.0,Underpriced
77,Yoga Mat,Furniture,4689.0,4689.0,4689.0,138,3.972538860103627,2024-11-25,4689.0,0.0,Competitive
78,Running Shoes,Electronics,3284.0,2490.0,2490.0,320,4.2,2024-09-02,2490.0,794.0,Overpriced
79,Bluetooth Speaker,Home,1567.0,1567.0,1567.0,447,4.2,2024-11-12,1567.0,0.0,Competitive
80,Water Bottle,Furniture,1866.0,1866.0,1866.0,388,3.972538860103627,2024-09-28,1866.0,0.0,Competitive
82,Laptop Bag,Home,5612.0,5612.0,5612.0,299,4.2,2024-09-28,5612.0,0.0,Competitive
84,Laptop Bag,Furniture,3331.0,3331.0,3331.0,95,3.972538860103627,2024-11-17,3331.0,0.0,Competitive
85,Backpack,Furniture,3201.0,2007.0,4395.0,63,3.5,2024-10-01,3201.0,0.0,Competitive
86,Study Table,Home,4754.0,4754.0,4754.0,105,3.972538860103627,2024-10-21,4754.0,0.0,Competitive
87,Backpack,Fashion,2064.0,3394.0,3394.0,225,3.4,2024-10-29,3394.0,-1330.0,Underpriced
88,Bluetooth Speaker,Fashion,5968.0,4687.0,4687.0,195,3.972538860103627,2024-09-18,4687.0,1281.0,Overpriced
90,Cotton Shirt,Electronics,2032.0,5931.0,5931.0,408,3.0,2024-11-14,5931.0,-3899.0,Underpriced
91,LED Bulb Pack,Furniture,2479.0,2479.0,2479.0,321,4.8,2024-09-12,2479.0,0.0,Competitive
92,Bluetooth Speaker,Fashion,2459.0,2459.0,2459.0,215,3.972538860103627,2024-10-12,2459.0,0.0,Competitive
93,Mobile Cover,Fashion,1341.0,3598.0,3598.0,349,4.4,2024-11-04,3598.0,-2257.0,Underpriced
94,Gaming Keyboard,Accessories,511.0,511.0,511.0,398,3.972538860103627,2024-11-01,511.0,0.0,Competitive
95,Wall Clock,Electronics,5072.0,939.0,939.0,308,4.4,2024-09-05,939.0,4133.0,Overpriced
96,Smart Watch,Furniture,5949.0,5949.0,5949.0,53,3.972538860103627,2024-11-22,5949.0,0.0,Competitive
97,Office Chair,Furniture,4345.0,4345.0,4345.0,306,3.972538860103627,2024-09-19,4345.0,0.0,Competitive
99,Wall Clock,Fashion,4290.0,5274.0,5274.0,211,3.972538860103627,2024-09-10,5274.0,-984.0,Underpriced
100,Backpack,Electronics,2629.5,1552.0,3707.0,229,4.1,2024-10-18,2629.5,0.0,Competitive
102,Running Shoes,Home,1910.0,1634.0,2186.0,304,3.972538860103627,2024-10-13,1910.0,0.0,Competitive
104,Bluetooth Speaker,Furniture,1653.0,1653.0,1653.0,182,3.972538860103627,2024-09-16,1653.0,0.0,Competitive
106,Smart Watch,Home,2376.0,2376.0,2376.0,454,3.972538860103627,2024-11-21,2376.0,0.0,Competitive
109,Office Chair,Home,4443.0,4443.0,4443.0,168,3.972538860103627,2024-09-27,4443.0,0.0,Competitive
110,Water Bottle,Accessories,1803.0,485.0,5549.0,10,3.7,2024-10-30,3017.0,-1214.0,Underpriced
111,Gaming Keyboard,Accessories,4888.0,204.0,204.0,7,3.972538860103627,2024-11-07,204.0,4684.0,Overpriced
114,Headphones,Electronics,1124.0,3369.0,3369.0,229,3.972538860103627,2024-09-29,3369.0,-2245.0,Underpriced
117,Water Bottle,Furniture,4361.0,4355.0,4355.0,295,3.972538860103627,2024-10-23,4355.0,6.0,Competitive
118,Wall Clock,Electronics,4462.0,2334.0,2334.0,122,4.0,2024-09-29,2334.0,2128.0,Overpriced
119,Bluetooth Speaker,Fashion,5877.0,5877.0,5877.0,2,3.9,2024-11-18,5877.0,0.0,Competitive
120,Mobile Cover,Furniture,1367.0,1367.0,1367.0,49,3.3,2024-11-27,1367.0,0.0,Competitive
121,Study Table,Furniture,5513.0,5513.0,5513.0,222,3.972538860103627,2024-09-09,5513.0,0.0,Competitive
123,Wall Clock,Fashion,3071.0,1848.0,4294.0,419,3.972538860103627,2024-10-23,3071.0,0.0,Competitive
124,Gaming Keyboard,Home,5817.0,2659.0,5658.0,445,4.6,2024-10-20,4158.5,1658.5,Overpriced
125,Wall Clock,Accessories,4741.0,5017.0,2844.0,189,3.972538860103627,2024-10-26,3930.5,810.5,Overpriced
127,Mobile Cover,Fashion,3079.5,3306.0,2853.0,293,4.5,2024-11-22,3079.5,0.0,Competitive
128,Backpack,Furniture,2667.0,2667.0,2667.0,189,4.0,2024-10-22,2667.0,0.0,Competitive
129,Yoga Mat,Home,3919.0,1386.0,1386.0,210,3.972538860103627,2024-10-14,1386.0,2533.0,Overpriced
132,Wall Clock,Furniture,2742.0,5509.0,3167.0,350,4.5,2024-11-27,4338.0,-1596.0,Underpriced
133,Backpack,Fashion,2981.5,2464.0,3499.0,190,3.972538860103627,2024-10-12,2981.5,0.0,Competitive
134,LED Bulb Pack,Electronics,2657.5,2628.0,2687.0,419,3.972538860103627,2024-09-07,2657.5,0.0,Competitive
136,Desk Lamp,Furniture,436.0,3335.0,3335.0,448,4.6,2024-09-05,3335.0,-2899.0,Underpriced
138,LED Bulb Pack,Accessories,1958.0,3809.0,1584.0,239,3.972538860103627,2024-10-29,2696.5,-738.5,Underpriced
139,Smart Watch,Electronics,5994.0,5994.0,5994.0,419,3.7,2024-10-02,5994.0,0.0,Competitive
140,Bluetooth Speaker,Furniture,5436.0,5436.0,5436.0,126,4.1,2024-11-04,5436.0,0.0,Competitive
141,Power Bank,Accessories,3115.0,3115.0,3115.0,124,3.972538860103627,2024-11-29,3115.0,0.0,Competitive
143,Wall Clock,Home,600.0,600.0,600.0,85,3.972538860103627,2024-09-13,600.0,0.0,Competitive
144,Cotton Shirt,Furniture,3575.0,3575.0,3575.0,71,4.2,2024-10-09,3575.0,0.0,Competitive
145,Wall Clock,Furniture,3361.5,1104.0,5619.0,115,3.972538860103627,2024-10-13,3361.5,0.0,Competitive
146,Water Bottle,Electronics,596.0,596.0,596.0,249,4.1,2024-09-24,596.0,0.0,Competitive
147,Wireless Mouse,Electronics,987.0,987.0,987.0,383,3.7,2024-09-18,987.0,0.0,Competitive
148,Electric Kettle,Electronics,3359.0,3359.0,3359.0,114,3.8,2024-09-06,3359.0,0.0,Competitive
149,Desk Lamp,Fashion,2867.0,5694.0,1519.0,44,4.5,2024-11-30,3606.5,-739.5,Underpriced
150,Study Table,Fashion,4801.0,2339.0,337.0,5,3.972538860103627,2024-10-29,1338.0,3463.0,Overpriced
151,Wireless Mouse,Home,1476.0,2669.0,2574.0,416,4.7,2024-11-26,2621.5,-1145.5,Underpriced
152,Power Bank,Furniture,1455.0,5569.0,349.0,289,3.9,2024-11-15,2959.0,-1504.0,Underpriced
153,Mobile Cover,Accessories,3080.0,3080.0,3080.0,80,3.8,2024-11-08,3080.0,0.0,Competitive
154,Laptop Bag,Electronics,3611.0,1954.0,5268.0,455,3.972538860103627,2024-11-23,3611.0,0.0,Competitive
155,Backpack,Accessories,4877.0,3955.0,5799.0,196,4.0,2024-09-16,4877.0,0.0,Competitive
156,Mobile Cover,Home,4900.0,4476.0,4476.0,141,4.8,2024-09-10,4476.0,424.0,Overpriced
157,Study Table,Accessories,329.0,5332.0,2380.0,395,3.972538860103627,2024-11-10,3856.0,-3527.0,Underpriced
158,Power Bank,Home,3550.0,3550.0,3550.0,201,3.972538860103627,2024-10-28,3550.0,0.0,Competitive
159,Study Table,Fashion,628.5,315.0,942.0,396,3.1,2024-10-25,628.5,0.0,Competitive
160,Water Bottle,Home,4985.0,4985.0,4985.0,298,3.972538860103627,2024-10-13,4985.0,0.0,Competitive
161,Bluetooth Speaker,Electronics,4775.0,4775.0,4775.0,384,3.972538860103627,2024-11-11,4775.0,0.0,Competitive
162,Smart Watch,Electronics,1497.0,2756.0,2756.0,129,3.972538860103627,2024-11-07,2756.0,-1259.0,Underpriced
163,Study Table,Home,989.0,3232.0,3232.0,324,3.972538860103627,2024-10-18,3232.0,-2243.0,Underpriced
164,Water Bottle,Accessories,774.0,873.0,3445.0,436,3.972538860103627,2024-11-23,2159.0,-1385.0,Underpriced
165,Headphones,Furniture,2086.0,2086.0,2086.0,465,3.972538860103627,2024-09-19,2086.0,0.0,Competitive
166,Yoga Mat,Electronics,4968.0,4968.0,4968.0,336,4.7,2024-09-16,4968.0,0.0,Competitive
172,LED Bulb Pack,Electronics,1060.0,338.0,338.0,159,3.972538860103627,2024-11-06,338.0,722.0,Overpriced
173,Yoga Mat,Electronics,4684.0,4684.0,4684.0,14,3.972538860103627,2024-11-16,4684.0,0.0,Competitive
174,Headphones,Accessories,3412.0,3412.0,3412.0,145,3.972538860103627,2024-11-19,3412.0,0.0,Competitive
175,Cotton Shirt,Accessories,2600.0,2600.0,2600.0,231,3.6,2024-10-24,2600.0,0.0,Competitive
176,LED Bulb Pack,Fashion,4683.0,4625.0,5216.0,126,3.972538860103627,2024-10-27,4920.5,-237.5,Underpriced
177,LED Bulb Pack,Furniture,2478.0,2478.0,2478.0,475,3.3,2024-11-22,2478.0,0.0,Competitive
178,Water Bottle,Furniture,5325.0,5271.0,5379.0,365,3.972538860103627,2024-09-30,5325.0,0.0,Competitive
181,Desk Lamp,Home,4523.0,3574.0,3574.0,411,3.7,2024-10-30,3574.0,949.0,Overpriced
182,Laptop Bag,Fashion,4035.0,4035.0,4035.0,162,3.7,2024-09-28,4035.0,0.0,Competitive
183,Office Chair,Electronics,1590.0,5484.0,3657.0,146,3.972538860103627,2024-11-17,4570.5,-2980.5,Underpriced
185,Electric Kettle,Furniture,2872.0,2991.0,2991.0,378,3.972538860103627,2024-09-04,2991.0,-119.0,Underpriced
186,Power Bank,Furniture,1993.0,5972.0,5972.0,204,3.972538860103627,2024-09-12,5972.0,-3979.0,Underpriced
187,Study Table,Home,5013.0,1347.0,4172.0,313,3.6,2024-10-24,2759.5,2253.5,Overpriced
188,Mixer Grinder,Furniture,1732.0,1511.0,407.0,96,3.972538860103627,2024-10-14,959.0,773.0,Overpriced
189,Headphones,Home,4139.0,1085.0,1085.0,16,3.972538860103627,2024-11-23,1085.0,3054.0,Overpriced
190,LED Bulb Pack,Fashion,5634.0,5634.0,5634.0,162,3.972538860103627,2024-11-15,5634.0,0.0,Competitive
191,Electric Kettle,Furniture,4404.0,5110.0,4057.0,225,4.0,2024-11-28,4583.5,-179.5,Underpriced
194,Water Bottle,Accessories,3129.0,1385.0,1385.0,84,3.972538860103627,2024-09-16,1385.0,1744.0,Overpriced
195,LED Bulb Pack,Accessories,5371.0,5371.0,5371.0,173,3.972538860103627,2024-11-01,5371.0,0.0,Competitive
196,LED Bulb Pack,Electronics,4473.0,4383.0,4383.0,425,3.972538860103627,2024-11-05,4383.0,90.0,Competitive
197,Water Bottle,Home,4040.0,4040.0,4040.0,35,3.3,2024-11-22,4040.0,0.0,Competitive
198,Running Shoes,Accessories,3352.0,1587.0,5117.0,487,3.3,2024-10-09,3352.0,0.0,Competitive
199,Yoga Mat,Fashion,3578.0,3259.0,3259.0,418,3.972538860103627,2024-11-10,3259.0,319.0,Overpriced
200,Running Shoes,Fashion,4211.5,3820.0,4603.0,40,3.972538860103627,2024-11-20,4211.5,0.0,Competitive
201,Headphones,Electronics,1589.0,1225.0,1225.0,288,3.972538860103627,2024-11-17,1225.0,364.0,Overpriced
202,Gaming Keyboard,Home,3942.0,1969.0,5915.0,83,4.4,2024-11-08,3942.0,0.0,Competitive
203,Desk Lamp,Fashion,4530.0,3405.0,3405.0,349,3.8,2024-10-07,3405.0,1125.0,Overpriced
204,Mobile Cover,Accessories,3649.5,3554.0,3745.0,280,3.972538860103627,2024-11-08,3649.5,0.0,Competitive
205,Smart Watch,Electronics,4734.0,4734.0,4734.0,404,4.0,2024-10-25,4734.0,0.0,Competitive
206,Running Shoes,Home,4951.0,4951.0,4951.0,285,3.7,2024-09-24,4951.0,0.0,Competitive
207,Mobile Cover,Electronics,2296.0,2608.0,2608.0,455,3.972538860103627,2024-09-30,2608.0,-312.0,Underpriced
208,Laptop Bag,Fashion,5994.0,1831.0,5274.0,331,3.7,2024-10-23,3552.5,2441.5,Overpriced
209,Running Shoes,Fashion,5192.0,5569.0,4815.0,115,3.972538860103627,2024-10-28,5192.0,0.0,Competitive
210,Wall Clock,Furniture,5989.0,5493.0,873.0,468,3.972538860103627,2024-11-03,3183.0,2806.0,Overpriced
211,Cotton Shirt,Electronics,305.0,912.0,912.0,178,3.972538860103627,2024-10-21,912.0,-607.0,Underpriced
212,Desk Lamp,Home,2675.0,265.0,265.0,299,3.972538860103627,2024-10-29,265.0,2410.0,Overpriced
213,Water Bottle,Furniture,5023.0,286.0,286.0,438,4.3,2024-10-02,286.0,4737.0,Overpriced
215,Cotton Shirt,Home,5066.0,4579.0,5036.0,242,3.972538860103627,2024-11-05,4807.5,258.5,Overpriced
217,Water Bottle,Electronics,3919.0,4239.0,911.0,429,3.972538860103627,2024-10-17,2575.0,1344.0,Overpriced
218,Water Bottle,Electronics,4292.0,531.0,531.0,372,3.972538860103627,2024-09-01,531.0,3761.0,Overpriced
219,LED Bulb Pack,Electronics,3764.0,3764.0,3764.0,403,3.972538860103627,2024-11-18,3764.0,0.0,Competitive
220,Smart Watch,Fashion,3257.0,1620.0,3890.0,497,3.6,2024-10-11,2755.0,502.0,Overpriced
222,Power Bank,Electronics,3810.0,3810.0,3810.0,424,4.1,2024-10-05,3810.0,0.0,Competitive
225,Mixer Grinder,Fashion,3566.0,1430.0,1430.0,26,3.972538860103627,2024-11-15,1430.0,2136.0,Overpriced
227,Desk Lamp,Accessories,5251.0,5289.0,5289.0,372,3.6,2024-11-07,5289.0,-38.0,Competitive
228,Power Bank,Electronics,1773.0,360.0,3186.0,412,4.6,2024-10-18,1773.0,0.0,Competitive
229,Office Chair,Furniture,5789.0,5789.0,5789.0,294,3.8,2024-10-11,5789.0,0.0,Competitive
230,Desk Lamp,Accessories,1910.0,921.0,2899.0,310,3.8,2024-11-07,1910.0,0.0,Competitive
231,Water Bottle,Electronics,3853.0,3853.0,3853.0,231,4.5,2024-11-21,3853.0,0.0,Competitive
232,Power Bank,Furniture,602.0,602.0,602.0,34,3.972538860103627,2024-11-15,602.0,0.0,Competitive
233,Office Chair,Fashion,1487.0,1272.0,1272.0,495,3.972538860103627,2024-09-18,1272.0,215.0,Overpriced
234,Mixer Grinder,Furniture,3486.0,3486.0,3486.0,347,3.9,2024-11-09,3486.0,0.0,Competitive
235,Headphones,Accessories,2885.0,2951.0,2363.0,359,3.2,2024-11-24,2657.0,228.0,Overpriced
237,Electric Kettle,Accessories,1838.0,1838.0,1838.0,87,3.0,2024-10-25,1838.0,0.0,Competitive
238,Smart Watch,Furniture,2557.0,3950.0,1164.0,254,4.7,2024-09-05,2557.0,0.0,Competitive
240,Desk Lamp,Accessories,5451.0,4588.0,1293.0,359,3.972538860103627,2024-10-25,2940.5,2510.5,Overpriced
242,Gaming Keyboard,Fashion,3809.0,2444.0,2444.0,463,4.1,2024-09-09,2444.0,1365.0,Overpriced
243,Water Bottle,Fashion,2746.0,2746.0,2746.0,93,3.972538860103627,2024-09-15,2746.0,0.0,Competitive
244,Backpack,Furniture,5908.0,5908.0,5908.0,125,3.972538860103627,2024-09-20,5908.0,0.0,Competitive
246,LED Bulb Pack,Electronics,5173.0,5173.0,5173.0,344,3.2,2024-11-06,5173.0,0.0,Competitive
247,Yoga Mat,Electronics,5293.0,5293.0,5293.0,484,3.972538860103627,2024-09-22,5293.0,0.0,Competitive
248,Smart Watch,Electronics,614.0,614.0,614.0,222,3.9,2024-10-31,614.0,0.0,Competitive
249,Cotton Shirt,Home,1539.0,1722.0,1722.0,285,3.972538860103627,2024-09-17,1722.0,-183.0,Underpriced
250,Smart Watch,Electronics,4856.0,3748.0,3748.0,74,3.1,2024-11-21,3748.0,1108.0,Overpriced
251,Running Shoes,Furniture,3334.0,2421.0,4247.0,76,4.5,2024-10-20,3334.0,0.0,Competitive
253,Wireless Mouse,Electronics,1107.0,1107.0,1107.0,92,3.972538860103627,2024-09-08,1107.0,0.0,Competitive
254,LED Bulb Pack,Furniture,5246.0,1714.0,1714.0,150,4.3,2024-10-19,1714.0,3532.0,Overpriced
255,Water Bottle,Electronics,4541.5,3875.0,5208.0,128,3.972538860103627,2024-10-19,4541.5,0.0,Competitive
256,Study Table,Accessories,1689.0,1689.0,1689.0,155,3.972538860103627,2024-09-22,1689.0,0.0,Competitive
257,Mobile Cover,Home,4689.0,1846.0,1846.0,172,3.972538860103627,2024-09-11,1846.0,2843.0,Overpriced
258,Wireless Mouse,Electronics,2473.0,5988.0,5988.0,153,3.972538860103627,2024-09-08,5988.0,-3515.0,Underpriced
259,Smart Watch,Fashion,2224.0,5211.0,5211.0,137,4.6,2024-11-30,5211.0,-2987.0,Underpriced
260,Backpack,Accessories,4361.5,4509.0,4214.0,410,3.972538860103627,2024-11-08,4361.5,0.0,Competitive
264,Water Bottle,Electronics,5230.0,5230.0,5230.0,495,4.0,2024-09-18,5230.0,0.0,Competitive
265,Mobile Cover,Fashion,2392.0,2392.0,2392.0,111,3.972538860103627,2024-11-10,2392.0,0.0,Competitive
268,LED Bulb Pack,Furniture,4974.0,4953.0,4995.0,52,3.972538860103627,2024-10-01,4974.0,0.0,Competitive
269,Desk Lamp,Fashion,5819.0,5819.0,5819.0,421,4.3,2024-11-18,5819.0,0.0,Competitive
272,Power Bank,Fashion,4122.0,4122.0,4122.0,481,3.972538860103627,2024-10-04,4122.0,0.0,Competitive
274,Backpack,Home,1022.0,3284.0,2192.0,148,3.972538860103627,2024-11-25,2738.0,-1716.0,Underpriced
275,Office Chair,Fashion,3511.5,2514.0,4509.0,40,3.972538860103627,2024-11-01,3511.5,0.0,Competitive
277,Backpack,Accessories,5239.0,2824.0,2824.0,489,3.5,2024-11-11,2824.0,2415.0,Overpriced
279,Study Table,Home,224.0,224.0,224.0,171,3.972538860103627,2024-11-12,224.0,0.0,Competitive
281,Desk Lamp,Accessories,1986.0,4720.0,4309.0,135,3.972538860103627,2024-09-12,4514.5,-2528.5,Underpriced
283,Gaming Keyboard,Accessories,3534.0,3534.0,3534.0,293,4.2,2024-10-20,3534.0,0.0,Competitive
286,Mixer Grinder,Accessories,2387.0,636.0,636.0,195,3.5,2024-09-08,636.0,1751.0,Overpriced
288,Smart Watch,Home,3531.5,5701.0,1362.0,27,3.972538860103627,2024-10-27,3531.5,0.0,Competitive
289,Study Table,Furniture,5418.0,5868.0,4968.0,177,3.972538860103627,2024-09-29,5418.0,0.0,Competitive
290,Running Shoes,Fashion,2748.0,3246.0,903.0,78,3.4,2024-10-11,2074.5,673.5,Overpriced
291,Cotton Shirt,Home,4932.0,1564.0,4521.0,432,3.7,2024-11-26,3042.5,1889.5,Overpriced
292,Study Table,Home,329.0,402.0,402.0,306,4.3,2024-10-21,402.0,-73.0,Competitive
293,Headphones,Home,4894.0,3434.0,3434.0,48,4.5,2024-09-21,3434.0,1460.0,Overpriced
295,LED Bulb Pack,Furniture,5969.0,5969.0,5969.0,115,4.6,2024-11-19,5969.0,0.0,Competitive
297,Laptop Bag,Fashion,2323.0,5459.0,790.0,217,3.972538860103627,2024-11-20,3124.5,-801.5,Underpriced
298,Laptop Bag,Furniture,5720.0,5284.0,5284.0,215,3.972538860103627,2024-09-04,5284.0,436.0,Overpriced
300,Desk Lamp,Electronics,3255.0,991.0,5519.0,195,4.8,2024-11-05,3255.0,0.0,Competitive
301,LED Bulb Pack,Furniture,2243.0,2243.0,2243.0,225,3.972538860103627,2024-10-01,2243.0,0.0,Competitive
302,Water Bottle,Accessories,5547.0,5547.0,5547.0,392,3.9,2024-10-30,5547.0,0.0,Competitive
303,Gaming Keyboard,Accessories,1101.0,2150.0,2150.0,23,4.5,2024-09-11,2150.0,-1049.0,Underpriced
304,Laptop Bag,Electronics,4508.0,3514.0,5463.0,299,4.2,2024-10-01,4488.5,19.5,Competitive
306,Laptop Bag,Home,1333.0,5768.0,5304.0,146,4.7,2024-09-13,5536.0,-4203.0,Underpriced
308,LED Bulb Pack,Electronics,3240.0,2223.0,4257.0,139,4.4,2024-10-03,3240.0,0.0,Competitive
310,Smart Watch,Fashion,2005.0,2005.0,2005.0,477,4.7,2024-09-25,2005.0,0.0,Competitive
311,Office Chair,Home,5040.0,5054.0,3503.0,85,3.972538860103627,2024-09-07,4278.5,761.5,Overpriced
314,Smart Watch,Accessories,3059.0,4308.0,4308.0,139,4.3,2024-11-11,4308.0,-1249.0,Underpriced
315,Mobile Cover,Home,5352.0,4741.0,4741.0,343,4.1,2024-11-18,4741.0,611.0,Overpriced
316,Study Table,Electronics,1031.0,2449.0,2449.0,187,3.5,2024-09-03,2449.0,-1418.0,Underpriced
319,Running Shoes,Accessories,4804.0,4804.0,4804.0,236,3.1,2024-11-24,4804.0,0.0,Competitive
320,Yoga Mat,Fashion,5794.0,3380.0,3380.0,209,3.972538860103627,2024-09-26,3380.0,2414.0,Overpriced
322,Electric Kettle,Electronics,1670.0,1670.0,1670.0,282,3.7,2024-11-13,1670.0,0.0,Competitive
323,Mixer Grinder,Electronics,4834.0,4834.0,4834.0,53,4.6,2024-10-17,4834.0,0.0,Competitive
324,Laptop Bag,Accessories,3267.0,3267.0,3267.0,306,4.6,2024-10-27,3267.0,0.0,Competitive
325,Study Table,Electronics,5542.0,5542.0,5542.0,368,4.1,2024-09-21,5542.0,0.0,Competitive
326,Mixer Grinder,Fashion,2875.0,2875.0,2875.0,159,3.972538860103627,2024-11-05,2875.0,0.0,Competitive
327,Office Chair,Electronics,3986.0,5537.0,5537.0,118,4.3,2024-10-11,5537.0,-1551.0,Underpriced
329,Bluetooth Speaker,Home,4329.0,860.0,860.0,101,4.7,2024-10-05,860.0,3469.0,Overpriced
330,Gaming Keyboard,Fashion,1199.0,1199.0,1199.0,210,3.972538860103627,2024-11-28,1199.0,0.0,Competitive
332,Gaming Keyboard,Furniture,2094.0,2094.0,2094.0,154,3.972538860103627,2024-09-21,2094.0,0.0,Competitive
333,Wireless Mouse,Fashion,4043.0,3064.0,5022.0,451,3.972538860103627,2024-09-06,4043.0,0.0,Competitive
334,Cotton Shirt,Fashion,698.0,698.0,698.0,422,3.972538860103627,2024-11-15,698.0,0.0,Competitive
335,Wall Clock,Home,864.0,864.0,864.0,385,3.972538860103627,2024-11-03,864.0,0.0,Competitive
336,Wall Clock,Electronics,3028.0,3028.0,3028.0,407,3.972538860103627,2024-09-22,3028.0,0.0,Competitive
337,Electric Kettle,Accessories,4271.5,5860.0,2683.0,72,4.0,2024-10-21,4271.5,0.0,Competitive
338,Bluetooth Speaker,Furniture,5707.0,2792.0,2792.0,481,3.1,2024-11-09,2792.0,2915.0,Overpriced
340,Electric Kettle,Electronics,1850.0,782.0,782.0,45,4.0,2024-11-19,782.0,1068.0,Overpriced
341,Mixer Grinder,Accessories,5743.0,749.0,749.0,260,3.4,2024-11-02,749.0,4994.0,Overpriced
342,Mobile Cover,Accessories,3095.0,1853.0,4337.0,339,4.1,2024-09-12,3095.0,0.0,Competitive
344,Electric Kettle,Furniture,5308.0,1829.0,1829.0,337,4.5,2024-11-02,1829.0,3479.0,Overpriced
345,Power Bank,Furniture,3354.0,2739.0,2739.0,4,3.972538860103627,2024-09-19,2739.0,615.0,Overpriced
346,Desk Lamp,Furniture,1857.5,3113.0,602.0,475,3.972538860103627,2024-11-26,1857.5,0.0,Competitive
347,Cotton Shirt,Home,4560.0,4560.0,4560.0,6,3.4,2024-10-31,4560.0,0.0,Competitive
348,Water Bottle,Furniture,3178.0,3178.0,3178.0,208,3.972538860103627,2024-09-18,3178.0,0.0,Competitive
352,Backpack,Home,364.0,5650.0,1479.0,195,3.9,2024-10-21,3564.5,-3200.5,Underpriced
353,Desk Lamp,Accessories,4485.0,2236.0,4819.0,406,3.972538860103627,2024-10-15,3527.5,957.5,Overpriced
354,LED Bulb Pack,Accessories,1378.0,589.0,589.0,148,4.3,2024-09-27,589.0,789.0,Overpriced
355,Mixer Grinder,Home,4802.0,1468.0,1547.0,86,3.4,2024-09-19,1507.5,3294.5,Overpriced
356,Smart Watch,Furniture,972.0,972.0,972.0,87,3.2,2024-09-26,972.0,0.0,Competitive
357,Mobile Cover,Furniture,4955.0,4955.0,4955.0,52,4.0,2024-10-26,4955.0,0.0,Competitive
358,Wall Clock,Fashion,1401.0,1401.0,1401.0,113,3.972538860103627,2024-11-22,1401.0,0.0,Competitive
360,Power Bank,Home,4600.0,5268.0,1012.0,167,4.7,2024-10-20,3140.0,1460.0,Overpriced
362,LED Bulb Pack,Furniture,3024.0,3024.0,3024.0,198,3.972538860103627,2024-09-14,3024.0,0.0,Competitive
364,Smart Watch,Home,1870.0,5407.0,4420.0,350,3.972538860103627,2024-10-13,4913.5,-3043.5,Underpriced
365,Backpack,Furniture,1691.0,1321.0,1039.0,225,4.1,2024-10-11,1180.0,511.0,Overpriced
367,Laptop Bag,Accessories,1743.0,1743.0,1743.0,452,3.972538860103627,2024-10-10,1743.0,0.0,Competitive
368,Running Shoes,Home,3107.5,5911.0,304.0,144,3.5,2024-09-15,3107.5,0.0,Competitive
369,Electric Kettle,Home,2528.0,3643.0,3643.0,373,3.972538860103627,2024-10-18,3643.0,-1115.0,Underpriced
371,Electric Kettle,Accessories,5257.0,1093.0,4131.0,32,3.972538860103627,2024-10-07,2612.0,2645.0,Overpriced
372,Backpack,Home,2853.0,3749.0,5513.0,410,4.2,2024-10-23,4631.0,-1778.0,Underpriced
373,Backpack,Home,368.0,672.0,1441.0,144,3.8,2024-11-28,1056.5,-688.5,Underpriced
374,Backpack,Fashion,1523.0,1523.0,1523.0,249,4.3,2024-09-01,1523.0,0.0,Competitive
375,Wireless Mouse,Electronics,1677.0,1677.0,1677.0,192,4.7,2024-11-30,1677.0,0.0,Competitive
376,Smart Watch,Furniture,751.0,850.0,652.0,48,3.972538860103627,2024-10-04,751.0,0.0,Competitive
377,Laptop Bag,Fashion,1229.0,5665.0,5665.0,258,3.7,2024-09-12,5665.0,-4436.0,Underpriced
378,Cotton Shirt,Home,2225.0,4821.0,4821.0,483,4.5,2024-09-23,4821.0,-2596.0,Underpriced
379,Yoga Mat,Accessories,4446.5,4413.0,4480.0,287,3.972538860103627,2024-09-28,4446.5,0.0,Competitive
380,Smart Watch,Home,930.5,1323.0,538.0,58,4.7,2024-09-04,930.5,0.0,Competitive
381,Laptop Bag,Furniture,5448.0,5618.0,5618.0,458,4.8,2024-10-27,5618.0,-170.0,Underpriced
382,Desk Lamp,Accessories,1942.0,5971.0,5971.0,323,3.972538860103627,2024-09-12,5971.0,-4029.0,Underpriced
383,Wireless Mouse,Furniture,4568.0,4568.0,4568.0,283,3.972538860103627,2024-09-21,4568.0,0.0,Competitive
384,Electric Kettle,Home,5361.0,5051.0,5051.0,88,4.4,2024-11-07,5051.0,310.0,Overpriced
386,Mixer Grinder,Electronics,4585.0,4345.0,3755.0,305,3.972538860103627,2024-10-12,4050.0,535.0,Overpriced
387,Laptop Bag,Fashion,5936.0,5936.0,5936.0,321,3.2,2024-09-19,5936.0,0.0,Competitive
388,Power Bank,Furniture,1030.0,4703.0,4703.0,88,3.7,2024-10-12,4703.0,-3673.0,Underpriced
390,Wireless Mouse,Furniture,1429.0,1313.0,1545.0,96,4.1,2024-11-12,1429.0,0.0,Competitive
391,Desk Lamp,Home,4174.0,4174.0,4174.0,453,3.972538860103627,2024-09-07,4174.0,0.0,Competitive
392,Water Bottle,Electronics,5437.0,5182.0,5182.0,124,4.6,2024-10-25,5182.0,255.0,Overpriced
393,Mixer Grinder,Home,2905.5,3576.0,2235.0,74,4.3,2024-10-03,2905.5,0.0,Competitive
394,LED Bulb Pack,Accessories,2559.0,4409.0,5253.0,366,3.5,2024-10-22,4831.0,-2272.0,Underpriced
395,Office Chair,Accessories,4586.0,3078.0,1479.0,468,3.972538860103627,2024-09-21,2278.5,2307.5,Overpriced
396,Backpack,Accessories,3621.0,3621.0,3621.0,42,3.972538860103627,2024-10-17,3621.0,0.0,Competitive
397,Gaming Keyboard,Furniture,3444.0,741.0,5252.0,75,4.6,2024-11-02,2996.5,447.5,Overpriced
398,Bluetooth Speaker,Furniture,268.0,2337.0,2864.0,348,4.0,2024-09-26,2600.5,-2332.5,Underpriced
399,Running Shoes,Fashion,4285.0,1651.0,1651.0,167,3.972538860103627,2024-09-01,1651.0,2634.0,Overpriced
402,Water Bottle,Fashion,4643.0,4643.0,4643.0,55,4.5,2024-10-29,4643.0,0.0,Competitive
403,Wireless Mouse,Furniture,3540.0,3540.0,3540.0,283,3.972538860103627,2024-11-06,3540.0,0.0,Competitive
404,Cotton Shirt,Accessories,4351.0,1977.0,1977.0,25,3.972538860103627,2024-10-08,1977.0,2374.0,Overpriced
405,Power Bank,Furniture,2650.0,2650.0,2650.0,22,3.972538860103627,2024-09-24,2650.0,0.0,Competitive
406,Laptop Bag,Home,3689.0,3689.0,3689.0,256,3.7,2024-10-10,3689.0,0.0,Competitive
407,Water Bottle,Home,5097.0,1336.0,1336.0,421,3.2,2024-10-06,1336.0,3761.0,Overpriced
409,Water Bottle,Furniture,5937.0,5937.0,5937.0,355,3.972538860103627,2024-11-13,5937.0,0.0,Competitive
411,Office Chair,Home,1028.0,4511.0,4511.0,134,4.8,2024-09-02,4511.0,-3483.0,Underpriced
412,Mixer Grinder,Fashion,1959.0,3194.0,3194.0,170,3.972538860103627,2024-09-12,3194.0,-1235.0,Underpriced
413,Mixer Grinder,Home,3612.0,3612.0,3612.0,72,3.972538860103627,2024-10-05,3612.0,0.0,Competitive
414,Mobile Cover,Accessories,3637.0,5513.0,5513.0,326,3.3,2024-09-21,5513.0,-1876.0,Underpriced
415,Gaming Keyboard,Fashion,1280.0,3576.0,3576.0,293,4.7,2024-10-05,3576.0,-2296.0,Underpriced
417,Backpack,Electronics,343.0,1213.0,1213.0,31,3.972538860103627,2024-10-28,1213.0,-870.0,Underpriced
418,Water Bottle,Fashion,5984.0,1973.0,1973.0,367,3.972538860103627,2024-09-23,1973.0,4011.0,Overpriced
419,Running Shoes,Accessories,2076.0,2076.0,2076.0,179,4.6,2024-11-03,2076.0,0.0,Competitive
420,Power Bank,Accessories,5101.0,1285.0,1285.0,155,3.972538860103627,2024-09-03,1285.0,3816.0,Overpriced
421,Laptop Bag,Furniture,5290.0,5290.0,5290.0,286,3.1,2024-10-03,5290.0,0.0,Competitive
423,Backpack,Furniture,208.0,2793.0,4737.0,476,4.8,2024-09-06,3765.0,-3557.0,Underpriced
424,Electric Kettle,Accessories,4920.0,4920.0,4920.0,442,3.972538860103627,2024-10-23,4920.0,0.0,Competitive
425,Power Bank,Furniture,2918.0,2918.0,2918.0,221,3.2,2024-11-26,2918.0,0.0,Competitive
426,Yoga Mat,Electronics,330.0,4302.0,4302.0,233,3.972538860103627,2024-09-10,4302.0,-3972.0,Underpriced
427,LED Bulb Pack,Home,5546.0,520.0,4602.0,43,4.3,2024-11-05,2561.0,2985.0,Overpriced
428,Backpack,Fashion,2265.5,3888.0,643.0,377,4.7,2024-11-04,2265.5,0.0,Competitive
429,Water Bottle,Furniture,3577.0,1328.0,1328.0,465,3.972538860103627,2024-10-17,1328.0,2249.0,Overpriced
430,Backpack,Furniture,3320.5,3551.0,3090.0,188,3.7,2024-10-04,3320.5,0.0,Competitive
431,Running Shoes,Fashion,4998.0,4998.0,4998.0,173,3.972538860103627,2024-10-12,4998.0,0.0,Competitive
432,Water Bottle,Fashion,268.0,2451.0,2451.0,324,3.972538860103627,2024-10-14,2451.0,-2183.0,Underpriced
433,Headphones,Electronics,4980.0,5389.0,5389.0,236,3.972538860103627,2024-11-23,5389.0,-409.0,Underpriced
434,Mobile Cover,Electronics,3084.5,2668.0,3501.0,155,3.972538860103627,2024-10-05,3084.5,0.0,Competitive
435,Electric Kettle,Fashion,4972.0,286.0,286.0,308,3.972538860103627,2024-11-27,286.0,4686.0,Overpriced
436,Wall Clock,Fashion,3645.0,3645.0,3645.0,111,3.972538860103627,2024-11-16,3645.0,0.0,Competitive
437,Office Chair,Accessories,5831.0,5831.0,5831.0,400,3.9,2024-10-02,5831.0,0.0,Competitive
438,Desk Lamp,Accessories,3281.0,365.0,365.0,291,3.972538860103627,2024-10-01,365.0,2916.0,Overpriced
441,Mobile Cover,Accessories,1056.0,5087.0,4292.0,72,3.972538860103627,2024-09-10,4689.5,-3633.5,Underpriced
443,Wall Clock,Fashion,1740.0,1740.0,1740.0,175,3.972538860103627,2024-10-29,1740.0,0.0,Competitive
444,Backpack,Furniture,1050.0,1050.0,1050.0,285,3.6,2024-10-14,1050.0,0.0,Competitive
445,Cotton Shirt,Fashion,4086.0,3005.0,5167.0,369,3.972538860103627,2024-10-26,4086.0,0.0,Competitive
447,Mixer Grinder,Accessories,4675.0,4675.0,4675.0,290,3.1,2024-09-29,4675.0,0.0,Competitive
450,Cotton Shirt,Furniture,5257.0,5257.0,5257.0,26,3.7,2024-09-05,5257.0,0.0,Competitive
451,Cotton Shirt,Accessories,4568.0,1214.0,1214.0,189,3.1,2024-10-07,1214.0,3354.0,Overpriced
453,Running Shoes,Fashion,1666.0,3575.0,3575.0,322,3.972538860103627,2024-10-27,3575.0,-1909.0,Underpriced
454,Laptop Bag,Electronics,4074.0,4074.0,4074.0,256,4.3,2024-09-17,4074.0,0.0,Competitive
455,Wall Clock,Accessories,4064.0,4064.0,4064.0,138,3.4,2024-10-23,4064.0,0.0,Competitive
456,Study Table,Home,2200.0,2200.0,2200.0,475,3.972538860103627,2024-10-22,2200.0,0.0,Competitive
457,Wall Clock,Furniture,1063.0,2762.0,2762.0,166,4.5,2024-11-20,2762.0,-1699.0,Underpriced
459,Mixer Grinder,Accessories,3239.0,1397.0,4770.0,471,3.972538860103627,2024-09-22,3083.5,155.5,Overpriced
460,Headphones,Fashion,5084.0,3962.0,1401.0,134,3.3,2024-10-08,2681.5,2402.5,Overpriced
461,Laptop Bag,Electronics,712.0,712.0,712.0,464,3.2,2024-10-08,712.0,0.0,Competitive
462,Yoga Mat,Furniture,4629.0,5891.0,5891.0,286,3.972538860103627,2024-09-20,5891.0,-1262.0,Underpriced
463,Office Chair,Fashion,3200.0,2422.0,4551.0,464,3.8,2024-10-29,3486.5,-286.5,Underpriced
464,Bluetooth Speaker,Accessories,5769.0,5769.0,5769.0,480,3.972538860103627,2024-09-11,5769.0,0.0,Competitive
465,Mixer Grinder,Furniture,1924.0,1924.0,1924.0,430,3.972538860103627,2024-09-03,1924.0,0.0,Competitive
466,Gaming Keyboard,Accessories,4154.0,1906.0,3460.0,260,4.6,2024-10-11,2683.0,1471.0,Overpriced
467,Mobile Cover,Home,503.0,503.0,503.0,408,3.972538860103627,2024-10-04,503.0,0.0,Competitive
469,Backpack,Electronics,3030.0,3210.0,3210.0,224,4.6,2024-10-27,3210.0,-180.0,Underpriced
475,Headphones,Fashion,1726.0,1413.0,1413.0,107,3.972538860103627,2024-10-05,1413.0,313.0,Overpriced
476,Wall Clock,Home,4564.0,4036.0,4036.0,170,4.2,2024-10-08,4036.0,528.0,Overpriced
477,Electric Kettle,Electronics,3301.0,5851.0,751.0,208,4.6,2024-09-02,3301.0,0.0,Competitive
478,Cotton Shirt,Fashion,5519.0,2523.0,2523.0,333,3.972538860103627,2024-10-22,2523.0,2996.0,Overpriced
479,Wireless Mouse,Electronics,4796.0,4796.0,4796.0,314,3.972538860103627,2024-09-04,4796.0,0.0,Competitive
480,Water Bottle,Furniture,1185.0,5499.0,5499.0,287,3.972538860103627,2024-11-26,5499.0,-4314.0,Underpriced
481,Wireless Mouse,Electronics,1469.0,1469.0,1469.0,478,3.972538860103627,2024-09-08,1469.0,0.0,Competitive
482,Wall Clock,Accessories,4218.0,4218.0,4218.0,153,3.972538860103627,2024-10-23,4218.0,0.0,Competitive
483,Wall Clock,Accessories,2666.0,240.0,5092.0,252,3.972538860103627,2024-11-29,2666.0,0.0,Competitive
484,Power Bank,Furniture,2923.0,2923.0,2923.0,331,3.4,2024-11-07,2923.0,0.0,Competitive
485,Mobile Cover,Fashion,3081.5,5441.0,722.0,218,4.6,2024-11-08,3081.5,0.0,Competitive
486,Bluetooth Speaker,Home,4600.0,4600.0,4600.0,281,3.8,2024-10-29,4600.0,0.0,Competitive
489,Bluetooth Speaker,Furniture,2637.0,2669.0,2669.0,300,3.3,2024-11-04,2669.0,-32.0,Competitive
490,LED Bulb Pack,Home,1077.0,3470.0,4690.0,201,3.972538860103627,2024-09-14,4080.0,-3003.0,Underpriced
491,Mixer Grinder,Furniture,3032.0,5129.0,5129.0,46,3.972538860103627,2024-11-02,5129.0,-2097.0,Underpriced
492,Power Bank,Electronics,2773.5,3285.0,2262.0,99,4.4,2024-10-29,2773.5,0.0,Competitive
494,Water Bottle,Furniture,2300.5,990.0,3611.0,19,3.6,2024-10-26,2300.5,0.0,Competitive
495,Headphones,Fashion,401.0,4556.0,4556.0,371,3.972538860103627,2024-11-27,4556.0,-4155.0,Underpriced
496,Cotton Shirt,Furniture,5926.0,5926.0,5926.0,43,4.1,2024-11-12,5926.0,0.0,Competitive
497,Laptop Bag,Home,4094.0,4345.0,3843.0,233,3.972538860103627,2024-11-25,4094.0,0.0,Competitive
499,Smart Watch,Electronics,4202.0,4269.0,3547.0,17,3.972538860103627,2024-10-30,3908.0,294.0,Overpriced
500,Electric Kettle,Electronics,4102.0,918.0,2510.0,388,4.5,2024-09-22,1714.0,2388.0,Overpriced
